{"statecode":{"0":"FL","1":"FL","2":"FL","3":"FL","4":"FL","5":"FL","6":"FL","7":"FL","8":"FL","9":"FL","10":"FL","11":"FL","12":"FL","13":"FL"},"county":{"0":"CLAY COUNTY","1":"CLAY COUNTY","2":"CLAY COUNTY","3":"CLAY COUNTY","4":"CLAY COUNTY","5":"CLAY COUNTY","6":"CLAY COUNTY","7":"CLAY COUNTY","8":"CLAY COUNTY","9":"CLAY COUNTY","10":"CLAY COUNTY","11":"CLAY COUNTY","12":"CLAY COUNTY","13":"CLAY COUNTY"},"eq_site_limit":{"0":498960.0,"1":1322376.3,"2":190724.4,"3":0.0,"4":0.0,"5":0.0,"6":0.0,"7":328500.0,"8":315000.0,"9":705600.0,"10":831498.3,"11":0.0,"12":0.0,"13":0.0},"hu_site_limit":{"0":498960.0,"1":1322376.3,"2":190724.4,"3":79520.76,"4":254281.5,"5":515035.62,"6":19260000.0,"7":328500.0,"8":315000.0,"9":705600.0,"10":831498.3,"11":24059.09,"12":48115.94,"13":28869.12},"fl_site_limit":{"0":498960.0,"1":1322376.3,"2":190724.4,"3":0.0,"4":0.0,"5":0.0,"6":0.0,"7":328500.0,"8":315000.0,"9":705600.0,"10":831498.3,"11":0.0,"12":0.0,"13":0.0},"fr_site_limit":{"0":498960.0,"1":1322376.3,"2":190724.4,"3":0.0,"4":254281.5,"5":0.0,"6":0.0,"7":328500.0,"8":315000.0,"9":705600.0,"10":831498.3,"11":0.0,"12":0.0,"13":0.0},"tiv_2011":{"0":498960.0,"1":1322376.3,"2":190724.4,"3":79520.76,"4":254281.5,"5":515035.62,"6":19260000.0,"7":328500.0,"8":315000.0,"9":705600.0,"10":831498.3,"11":24059.09,"12":48115.94,"13":28869.12},"tiv_2012":{"0":792148.9,"1":1438163.5700000001,"2":192476.78,"3":86854.48,"4":246144.49,"5":884419.17,"6":20610000.0,"7":348374.25,"8":265821.57,"9":1010842.5600000001,"10":1117791.48,"11":33952.19,"12":66755.39,"13":42826.99},"eq_site_deductible":{"0":0,"1":0,"2":0,"3":0,"4":0,"5":0,"6":0,"7":0,"8":0,"9":14112,"10":0,"11":0,"12":0,"13":0},"hu_site_deductible":{"0":9979.2,"1":0.0,"2":0.0,"3":0.0,"4":0.0,"5":0.0,"6":0.0,"7":16425.0,"8":15750.0,"9":35280.0,"10":0.0,"11":0.0,"12":0.0,"13":0.0},"fl_site_deductible":{"0":0,"1":0,"2":0,"3":0,"4":0,"5":0,"6":0,"7":0,"8":0,"9":0,"10":0,"11":0,"12":0,"13":0},"fr_site_deductible":{"0":0,"1":0,"2":0,"3":0,"4":0,"5":0,"6":0,"7":0,"8":0,"9":0,"10":0,"11":0,"12":0,"13":0},"point_latitude":{"0":30.102261,"1":30.063936,"2":30.089579,"3":30.063236,"4":30.060614,"5":30.063236,"6":30.102226,"7":30.102217,"8":30.118774,"9":30.100628,"10":30.10216,"11":30.095957,"12":30.100073,"13":30.09248},"point_longitude":{"0":-81.711777,"1":-81.707664,"2":-81.700455,"3":-81.707703,"4":-81.702675,"5":-81.707703,"6":-81.713882,"7":-81.707146,"8":-81.704613,"9":-81.703751,"10":-81.719444,"11":-81.695099,"12":-81.739822,"13":-81.725167},"line":{"0":"Residential","1":"Residential","2":"Residential","3":"Residential","4":"Residential","5":"Residential","6":"Commercial","7":"Residential","8":"Residential","9":"Residential","10":"Residential","11":"Residential","12":"Residential","13":"Residential"},"construction":{"0":"Masonry","1":"Masonry","2":"Wood","3":"Wood","4":"Wood","5":"Masonry","6":"Reinforced Concrete","7":"Wood","8":"Wood","9":"Masonry","10":"Masonry","11":"Wood","12":"Wood","13":"Wood"},"point_granularity":{"0":1,"1":3,"2":1,"3":3,"4":1,"5":3,"6":1,"7":1,"8":1,"9":1,"10":1,"11":1,"12":1,"13":1}}